Period,Region,Homeless Adults,Male,Female,Ages18_24,Ages25_44,Ages45_64,Ages65Up,PEA,STA,TEA,Other,TotalFamilies,DependentChild
01-01-2016,Dublin,2678,1490,1188,462,1678,498,40,1405,1240,72,0,769,1570
01-01-2016,Mid-East,179,119,60,23,109,36,11,51,81,47,0,21,53
01-01-2016,Midlands,43,25,18,11,19,13,0,7,0,36,0,13,25
01-01-2016,Mid-West,221,152,69,27,128,55,11,11,196,11,3,14,31
01-01-2016,North-East,57,42,15,11,30,13,3,25,32,2,0,0,0
01-01-2016,North-West,46,33,13,8,23,15,0,4,5,21,16,2,6
01-01-2016,South-East,260,197,63,50,130,71,9,78,178,0,4,12,24
01-01-2016,South-West,267,181,86,38,160,65,4,76,0,193,0,34,77
01-01-2016,West,134,90,44,10,74,47,3,28,106,0,0,19,44
01-02-2016,Dublin,2692,1482,1210,465,1685,501,41,1411,1224,71,0,790,1616
01-02-2016,Mid-East,187,122,65,24,112,40,11,54,90,43,0,21,54
01-02-2016,Midlands,51,28,23,8,26,16,1,12,0,39,0,13,25
01-02-2016,Mid-West,220,148,72,25,133,51,11,14,192,11,3,16,36
01-02-2016,North-East,77,56,21,15,40,17,5,43,34,2,0,11,15
01-02-2016,North-West,43,30,13,5,21,17,0,1,6,23,13,2,4
01-02-2016,South-East,260,193,67,55,125,71,9,80,175,0,5,12,21
01-02-2016,South-West,260,181,79,31,155,71,3,73,0,189,0,30,67
01-02-2016,West,140,99,41,8,77,51,4,31,110,0,0,17,43
01-03-2016,Dublin,2750,1510,1240,461,1733,513,43,1469,1224,71,0,839,1723
01-03-2016,Mid-East,202,132,70,30,117,43,12,74,81,47,0,24,69
01-03-2016,Midlands,55,29,26,11,26,18,0,16,0,39,0,16,32
01-03-2016,Mid-West,212,144,68,31,126,45,10,11,187,11,3,13,28
01-03-2016,North-East,73,53,20,16,37,15,5,27,32,14,0,1,1
01-03-2016,North-West,40,31,9,3,22,14,1,1,11,17,12,2,5
01-03-2016,South-East,259,186,73,60,120,70,9,79,172,0,8,14,25
01-03-2016,South-West,239,169,70,20,144,72,3,52,0,189,0,29,64
01-03-2016,West,139,98,41,10,75,50,4,39,104,0,0,17,47
01-04-2016,Dublin,2806,1535,1271,467,1777,523,39,1512,1236,74,0,888,1786
01-04-2016,Mid-East,210,135,75,29,125,46,10,92,71,47,0,31,86
01-04-2016,Midlands,63,32,31,17,28,18,0,22,0,41,0,23,39
01-04-2016,Mid-West,213,142,71,29,121,52,11,11,188,11,3,20,48
01-04-2016,North-East,74,53,21,16,36,17,5,26,32,16,0,2,2
01-04-2016,North-West,41,33,8,5,23,13,0,1,11,17,12,2,5
01-04-2016,South-East,275,194,81,60,135,71,9,87,176,1,11,16,27
01-04-2016,South-West,247,162,85,26,151,67,3,52,200,0,0,33,75
01-04-2016,West,139,95,44,15,74,47,3,42,97,0,0,22,53
01-05-2016,Dublin,2767,1486,1281,478,1720,531,38,1514,1197,65,0,913,1847
01-05-2016,Mid-East,197,126,71,25,119,43,10,78,68,51,0,27,76
01-05-2016,Midlands,46,24,22,6,23,16,1,8,0,38,0,9,17
01-05-2016,Mid-West,211,140,71,28,118,56,9,15,184,12,0,19,39
01-05-2016,North-East,81,55,26,13,47,17,4,42,36,3,0,6,7
01-05-2016,North-West,39,27,12,1,22,16,0,0,27,0,12,2,5
01-05-2016,South-East,270,186,84,63,132,65,10,87,171,1,11,23,37
01-05-2016,South-West,245,164,81,19,146,74,6,46,201,0,0,33,87
01-05-2016,West,137,95,42,13,75,47,2,36,101,0,1,22,62
01-06-2016,Dublin,2871,1547,1324,492,1790,547,42,1540,1278,64,0,939,1894
01-06-2016,Mid-East,197,127,70,27,120,41,9,70,73,54,0,28,74
01-06-2016,Midlands,57,28,29,12,33,11,1,17,0,40,0,14,34
01-06-2016,Mid-West,228,153,75,24,131,64,9,17,199,12,0,11,19
01-06-2016,North-East,79,50,29,15,45,16,3,39,37,3,0,6,9
01-06-2016,North-West,45,32,13,3,24,17,1,1,26,5,13,2,5
01-06-2016,South-East,271,185,86,67,126,68,10,85,172,3,11,21,33
01-06-2016,South-West,246,164,82,29,142,71,4,59,193,0,0,34,83
01-06-2016,West,158,106,52,27,77,51,3,49,109,0,0,23,55
01-07-2016,Dublin,2922,1586,1336,487,1827,568,40,1585,1289,65,0,993,2020
01-07-2016,Mid-East,202,125,77,29,118,47,8,73,83,46,0,21,73
01-07-2016,Midlands,49,23,26,11,31,5,2,16,0,33,0,18,33
01-07-2016,Mid-West,228,155,73,22,139,58,9,17,199,12,0,14,34
01-07-2016,North-East,81,50,31,13,48,18,2,39,41,1,0,6,12
01-07-2016,North-West,30,28,2,2,14,14,0,0,22,8,0,2,4
01-07-2016,South-East,278,188,90,58,136,69,15,88,175,4,11,24,39
01-07-2016,South-West,235,167,68,21,137,72,5,46,196,0,0,25,64
01-07-2016,West,152,100,52,24,80,46,2,56,98,0,0,27,69
01-08-2016,Dublin,2950,1587,1363,497,1838,571,44,1599,1304,69,0,998,2012
01-08-2016,Mid-East,201,125,76,30,119,43,9,88,71,42,0,27,67
01-08-2016,Midlands,52,29,23,8,35,8,1,15,0,37,0,16,34
01-08-2016,Mid-West,240,161,79,27,146,58,9,19,209,12,0,22,48
01-08-2016,North-East,80,49,31,11,49,17,3,42,37,1,0,6,12
01-08-2016,North-West,35,25,10,4,18,13,0,0,14,10,11,2,5
01-08-2016,South-East,287,190,97,58,146,67,16,98,174,4,11,25,44
01-08-2016,South-West,244,173,71,24,149,67,4,56,192,0,0,25,71
01-08-2016,West,159,106,53,31,78,48,2,56,101,0,3,30,70
01-09-2016,Dublin,2988,1612,1376,501,1864,583,40,1624,1308,71,0,1014,2065
01-09-2016,Mid-East,205,127,78,28,118,50,9,86,80,39,0,27,69
01-09-2016,Midlands,55,29,26,13,35,7,0,16,0,39,0,16,37
01-09-2016,Mid-West,237,151,86,29,140,59,9,27,198,12,0,33,67
01-09-2016,North-East,62,37,25,7,40,14,1,28,33,1,0,9,12
01-09-2016,North-West,38,26,12,5,19,14,0,2,6,20,10,3,6
01-09-2016,South-East,283,193,90,62,145,63,13,102,167,3,11,21,38
01-09-2016,South-West,249,167,82,32,149,64,4,57,193,0,0,30,80
01-09-2016,West,166,111,55,28,86,50,2,62,101,0,4,20,52
01-10-2016,Dublin,3036,1633,1403,510,1909,580,37,1699,1311,78,0,1026,2110
01-10-2016,Mid-East,206,127,79,28,119,50,9,86,80,40,0,27,71
01-10-2016,Midlands,54,28,26,9,34,11,0,15,0,39,0,13,31
01-10-2016,Mid-West,235,149,86,27,140,60,8,32,190,13,0,22,45
01-10-2016,North-East,84,56,28,15,48,20,1,38,45,1,0,9,15
01-10-2016,North-West,43,32,11,10,18,15,0,4,11,17,12,2,3
01-10-2016,South-East,282,191,91,67,142,60,13,102,166,3,11,21,39
01-10-2016,South-West,271,184,87,36,161,68,6,81,192,0,0,36,98
01-10-2016,West,166,115,51,31,85,48,2,61,100,0,5,22,58
01-11-2016,Dublin,3024,1612,1412,511,1888,586,39,1661,1301,76,0,1023,2110
01-11-2016,Mid-East,208,123,85,28,125,48,7,91,82,35,0,27,75
01-11-2016,Midlands,74,38,36,18,40,15,1,36,0,38,0,22,50
01-11-2016,Mid-West,246,150,96,29,145,65,7,42,191,13,0,33,79
01-11-2016,North-East,116,71,45,26,67,21,2,73,42,1,0,18,36
01-11-2016,North-West,34,24,10,5,14,15,0,2,15,8,9,1,1
01-11-2016,South-East,286,196,90,61,151,61,13,98,173,4,11,21,39
01-11-2016,South-West,287,197,90,29,178,74,6,100,190,0,0,40,104
01-11-2016,West,161,114,47,22,82,56,1,64,97,0,0,20,55
01-12-2016,Dublin,3162,1713,1449,533,1987,599,43,1755,1394,68,0,1028,2096
01-12-2016,Mid-East,210,123,87,28,127,48,7,92,84,34,0,28,75
01-12-2016,Midlands,59,32,27,17,28,13,1,23,0,36,0,13,22
01-12-2016,Mid-West,288,183,105,43,164,73,8,54,201,33,0,39,86
01-12-2016,North-East,116,72,44,20,68,23,5,70,44,2,0,18,36
01-12-2016,North-West,36,26,10,5,19,12,0,1,20,7,8,1,1
01-12-2016,South-East,293,201,92,56,156,69,12,104,170,4,15,19,36
01-12-2016,South-West,296,206,90,34,184,71,7,106,195,0,0,38,91
01-12-2016,West,183,131,52,29,96,57,1,63,97,18,6,21,62
01-01-2017,Dublin,3247,1766,1481,559,2027,615,46,1723,1515,72,0,1007,2046
01-01-2017,Mid-East,211,120,91,31,131,41,8,93,83,35,0,26,79
01-01-2017,Midlands,66,35,31,16,38,11,1,19,0,47,0,18,30
01-01-2017,Mid-West,281,187,94,41,156,74,10,41,203,24,13,27,52
01-01-2017,North-East,121,74,47,18,69,30,4,79,41,1,0,16,24
01-01-2017,North-West,41,32,9,7,22,12,0,2,19,9,11,1,1
01-01-2017,South-East,276,188,88,49,150,65,12,101,155,4,16,11,16
01-01-2017,South-West,312,217,95,33,195,77,7,113,203,0,0,41,106
01-01-2017,West,205,144,61,35,106,62,2,66,112,34,6,25,53
01-02-2017,Dublin,3310,1791,1519,550,2080,634,46,1768,1537,72,0,1055,2129
01-02-2017,Mid-East,227,127,100,32,138,48,9,116,81,30,0,28,74
01-02-2017,Midlands,67,31,36,16,40,10,1,24,0,43,0,18,34
01-02-2017,Mid-West,301,192,109,41,177,75,8,61,201,39,0,42,85
01-02-2017,North-East,105,67,38,8,66,28,3,61,44,0,0,10,17
01-02-2017,North-West,44,33,11,7,21,15,1,1,24,8,11,2,4
01-02-2017,South-East,282,194,88,47,157,64,14,98,164,4,16,10,15
01-02-2017,South-West,341,228,113,40,212,83,6,139,205,0,0,50,125
01-02-2017,West,198,134,64,35,94,67,2,64,123,29,5,24,63
01-03-2017,Dublin,3299,1774,1525,549,2067,643,40,1712,1529,75,0,1069,2214
01-03-2017,Mid-East,226,131,95,30,138,47,11,115,81,30,0,24,69
01-03-2017,Midlands,83,39,44,17,54,12,0,44,0,39,0,24,48
01-03-2017,Mid-West,318,200,118,49,189,73,7,74,201,43,0,40,79
01-03-2017,North-East,113,69,44,15,71,24,3,72,41,0,0,7,13
01-03-2017,North-West,41,32,9,3,19,18,1,0,21,10,10,2,7
01-03-2017,South-East,281,193,88,50,159,64,8,98,164,2,17,8,13
01-03-2017,South-West,349,227,122,39,219,86,5,156,195,0,0,61,145
01-03-2017,West,199,133,66,31,96,70,2,70,115,22,5,21,55
01-04-2017,Dublin,3337,1785,1552,548,2098,645,46,1459,1823,75,0,1091,2262
01-04-2017,Mid-East,234,134,100,35,140,50,9,123,82,29,0,36,75
01-04-2017,Midlands,78,36,42,18,52,7,1,37,0,41,0,25,38
01-04-2017,Mid-West,324,189,135,45,202,71,6,83,203,38,0,46,86
01-04-2017,North-East,151,87,64,19,100,28,4,113,40,0,0,18,44
01-04-2017,North-West,52,36,16,6,24,21,1,0,27,12,13,2,7
01-04-2017,South-East,282,195,87,53,153,66,10,102,161,3,16,9,15
01-04-2017,South-West,332,218,114,37,210,77,8,140,196,0,0,54,126
01-04-2017,West,182,113,69,32,85,62,3,70,105,2,5,21,55
01-05-2017,Dublin,3327,1779,1548,550,2075,652,50,1507,1778,74,0,1099,2266
01-05-2017,Mid-East,236,138,98,38,139,50,9,124,83,29,0,21,63
01-05-2017,Midlands,79,39,40,15,54,10,0,39,40,0,0,26,54
01-05-2017,Mid-West,323,186,137,44,201,71,7,84,207,36,0,53,102
01-05-2017,North-East,126,80,46,16,82,25,3,85,41,0,0,18,44
01-05-2017,North-West,44,35,9,3,25,16,0,2,20,10,12,2,7
01-05-2017,South-East,281,189,92,49,152,70,10,102,157,3,19,16,32
01-05-2017,South-West,315,201,114,37,191,78,9,121,196,0,0,58,150
01-05-2017,West,191,125,66,28,90,69,4,78,108,2,5,19,59
01-06-2017,Dublin,3406,1833,1573,573,2111,674,48,1471,1959,78,0,1115,2270
01-06-2017,Mid-East,251,144,107,36,148,53,14,138,86,27,0,28,76
01-06-2017,Midlands,82,36,46,21,49,11,1,41,41,0,0,27,51
01-06-2017,Mid-West,317,185,132,42,196,72,7,82,204,32,0,53,112
01-06-2017,North-East,115,70,45,11,77,23,4,61,54,0,0,14,40
01-06-2017,North-West,56,47,9,6,34,16,0,4,28,10,14,3,10
01-06-2017,South-East,298,200,98,49,165,73,11,114,162,3,19,18,34
01-06-2017,South-West,313,203,110,34,190,81,8,127,191,0,0,61,165
01-06-2017,West,208,132,76,30,100,74,4,93,115,2,4,46,137
01-07-2017,Dublin,3528,1904,1624,590,2187,698,53,1536,1969,76,0,1178,2423
01-07-2017,Mid-East,250,137,113,37,152,50,11,127,97,26,0,38,65
01-07-2017,Midlands,73,31,42,15,48,10,0,39,34,0,0,25,55
01-07-2017,Mid-West,339,188,151,56,198,77,8,108,205,29,0,50,80
01-07-2017,North-East,127,75,52,11,90,22,4,73,54,0,0,20,48
01-07-2017,North-West,50,38,12,5,28,16,1,2,27,10,11,0,0
01-07-2017,South-East,325,216,109,54,181,80,10,128,168,3,26,24,41
01-07-2017,South-West,296,188,108,33,170,87,6,106,192,0,0,54,143
01-07-2017,West,199,125,74,25,111,60,3,82,111,2,4,40,118
01-08-2017,Dublin,3527,1888,1639,578,2202,692,55,1521,1976,78,0,1146,2379
01-08-2017,Mid-East,248,140,108,34,154,50,10,125,97,26,0,35,62
01-08-2017,Midlands,71,32,39,13,47,11,0,34,37,0,0,24,47
01-08-2017,Mid-West,352,198,154,48,212,83,9,107,209,38,0,74,147
01-08-2017,North-East,125,75,50,11,88,21,5,77,48,0,0,17,48
01-08-2017,North-West,42,29,13,5,23,13,1,1,22,11,8,3,8
01-08-2017,South-East,328,216,112,57,183,78,10,118,172,3,35,31,54
01-08-2017,South-West,320,199,121,36,193,84,7,135,188,0,0,66,176
01-08-2017,West,209,133,76,29,117,59,4,84,120,1,5,46,127
01-09-2017,Dublin,3537,1904,1633,547,2223,707,60,1570,1959,73,0,1138,2416
01-09-2017,Mid-East,257,146,111,33,150,62,12,130,99,28,0,44,89
01-09-2017,Midlands,67,29,38,16,40,11,0,30,37,0,0,22,47
01-09-2017,Mid-West,363,203,160,65,201,86,11,124,201,38,0,81,152
01-09-2017,North-East,140,81,59,15,93,28,4,59,80,1,0,24,65
01-09-2017,North-West,54,40,14,4,30,19,1,2,26,11,15,2,7
01-09-2017,South-East,309,206,103,53,176,70,10,101,172,3,33,32,55
01-09-2017,South-West,330,206,124,44,199,78,9,145,187,0,0,68,173
01-09-2017,West,193,122,71,29,108,52,4,83,106,0,5,44,120
01-10-2017,Dublin,3536,1899,1637,553,2226,696,61,1565,1936,71,0,1139,2425
01-10-2017,Mid-East,242,138,104,33,135,62,12,123,97,22,0,27,64
01-10-2017,Midlands,78,34,44,21,44,13,0,35,43,0,0,24,51
01-10-2017,Mid-West,367,209,158,63,203,90,11,112,212,43,0,83,167
01-10-2017,North-East,143,83,60,19,93,28,3,60,82,1,0,28,73
01-10-2017,North-West,54,40,14,9,25,17,3,7,23,12,12,3,9
01-10-2017,South-East,330,221,109,59,194,66,11,111,183,3,33,43,81
01-10-2017,South-West,345,216,129,40,224,72,9,152,196,0,0,67,183
01-10-2017,West,203,125,78,29,116,53,5,85,114,0,4,49,141
01-11-2017,Dublin,3691,2001,1690,572,2326,737,56,1613,2046,73,0,1188,2533
01-11-2017,Mid-East,263,158,105,38,143,67,15,152,88,23,0,30,73
01-11-2017,Midlands,80,38,42,23,42,15,0,40,40,0,0,23,50
01-11-2017,Mid-West,365,215,150,56,220,80,9,120,207,41,0,87,173
01-11-2017,North-East,148,86,62,22,93,30,3,96,51,1,0,33,85
01-11-2017,North-West,57,41,16,8,32,15,2,6,27,14,12,3,9
01-11-2017,South-East,335,219,116,57,193,75,10,120,179,2,34,44,80
01-11-2017,South-West,376,243,133,44,237,87,8,192,229,0,0,63,168
01-11-2017,West,209,126,83,25,122,57,5,98,107,0,4,59,162
01-12-2017,Dublin,3712,2065,1647,558,2353,738,63,1544,2125,62,0,1121,2385
01-12-2017,Mid-East,278,159,119,49,151,64,14,147,108,23,0,38,91
01-12-2017,Midlands,76,40,36,17,45,13,1,34,42,0,0,19,40
01-12-2017,Mid-West,344,206,138,48,213,75,8,77,238,29,0,64,127
01-12-2017,North-East,145,85,60,21,88,32,4,95,50,0,0,32,84
01-12-2017,North-West,46,35,11,4,23,17,2,1,23,13,9,2,7
01-12-2017,South-East,322,218,104,46,185,80,11,102,181,4,35,36,67
01-12-2017,South-West,358,241,117,47,218,82,11,186,186,0,0,57,148
01-12-2017,West,227,142,85,28,137,55,7,91,111,27,4,39,130
01-01-2018,Dublin,3919,2194,1725,609,2447,792,71,1631,2279,67,0,1191,2509
01-01-2018,Mid-East,290,171,119,46,163,77,4,153,114,23,0,33,90
01-01-2018,Midlands,78,43,35,17,47,13,1,38,40,0,0,18,38
01-01-2018,Mid-West,372,207,165,53,227,83,9,88,247,47,0,75,153
01-01-2018,North-East,155,90,65,28,91,31,5,101,51,3,0,52,101
01-01-2018,North-West,53,38,15,3,28,20,2,5,23,13,12,2,7
01-01-2018,South-East,354,235,119,51,196,97,10,117,197,4,36,44,78
01-01-2018,South-West,375,245,130,52,226,88,9,197,196,0,0,63,165
01-01-2018,West,241,152,89,32,144,60,5,94,111,35,4,39,126
01-02-2018,Dublin,4021,2238,1783,640,2509,802,70,1630,2377,66,0,1329,2801
01-02-2018,Mid-East,294,172,122,38,180,68,8,156,114,24,0,44,117
01-02-2018,Midlands,85,44,41,16,57,11,1,46,39,0,0,27,60
01-02-2018,Mid-West,378,230,148,54,231,85,8,100,232,49,0,82,160
01-02-2018,North-East,155,89,66,25,96,28,6,100,53,2,0,63,155
01-02-2018,North-West,53,39,14,2,32,18,1,8,22,13,10,4,11
01-02-2018,South-East,378,249,129,59,199,109,11,143,193,4,38,50,83
01-02-2018,South-West,434,266,168,70,263,94,7,263,181,0,0,91,222
01-02-2018,West,254,155,99,34,143,70,7,112,121,24,4,49,146
01-03-2018,Dublin,4107,2282,1825,643,2561,832,71,1740,2395,66,0,1329,2780
01-03-2018,Mid-East,319,177,142,46,183,81,9,170,124,25,0,56,143
01-03-2018,Midlands,95,46,49,18,64,13,0,55,40,0,0,28,54
01-03-2018,Mid-West,361,221,140,50,215,87,9,115,205,44,0,59,108
01-03-2018,North-East,60,43,17,16,15,23,6,0,57,3,0,23,49
01-03-2018,North-West,59,41,18,6,33,19,1,13,23,14,9,7,16
01-03-2018,South-East,352,236,116,59,189,92,12,139,181,4,28,45,64
01-03-2018,South-West,402,251,151,63,240,91,8,235,194,0,0,91,214
01-03-2018,West,280,169,111,42,155,73,10,127,126,26,4,82,218
01-04-2018,Dublin,4005,2199,1806,630,2460,844,71,1726,2323,66,0,1351,2810
01-04-2018,Mid-East,290,168,122,40,165,75,10,136,132,22,0,47,141
01-04-2018,Midlands,105,53,52,22,62,21,0,63,42,0,0,30,75
01-04-2018,Mid-West,363,220,143,52,212,88,11,118,201,44,0,66,127
01-04-2018,North-East,128,68,60,15,75,33,5,73,54,1,0,19,45
01-04-2018,North-West,59,41,18,6,37,15,1,10,26,12,11,3,8
01-04-2018,South-East,298,209,89,56,160,73,9,71,194,4,29,30,62
01-04-2018,South-West,424,262,162,61,253,99,11,253,186,0,0,86,205
01-04-2018,West,291,175,116,42,168,72,9,139,151,0,3,80,216
01-05-2018,Dublin,4062,2219,1843,638,2476,876,72,1712,2328,67,0,1338,2886
01-05-2018,Mid-East,282,159,123,35,168,71,8,114,146,22,0,48,130
01-05-2018,Midlands,103,56,47,17,73,12,1,65,38,0,0,27,69
01-05-2018,Mid-West,386,230,156,54,228,94,10,128,211,52,0,73,141
01-05-2018,North-East,116,68,48,13,65,31,7,61,54,1,0,25,55
01-05-2018,North-West,55,41,14,2,31,21,1,10,26,13,6,3,8
01-05-2018,South-East,309,210,99,57,164,77,11,81,195,4,29,28,58
01-05-2018,South-West,426,256,170,62,257,97,10,250,186,0,0,100,246
01-05-2018,West,281,159,122,44,160,69,8,142,136,0,3,82,233
01-06-2018,Dublin,4083,2227,1856,620,2505,884,74,1731,2326,68,0,1352,2858
01-06-2018,Mid-East,267,159,108,30,157,69,11,123,122,22,0,51,124
01-06-2018,Midlands,100,54,46,21,59,19,1,62,38,0,0,25,70
01-06-2018,Mid-West,386,228,158,55,228,90,13,131,202,53,0,84,173
01-06-2018,North-East,129,71,58,10,80,32,7,75,53,1,0,24,54
01-06-2018,North-West,49,35,14,4,23,21,1,9,24,12,4,4,9
01-06-2018,South-East,314,209,105,61,167,79,7,90,192,3,29,38,72
01-06-2018,South-West,428,246,182,72,252,95,9,266,177,0,0,93,257
01-06-2018,West,292,164,128,39,177,69,7,150,138,0,4,83,207
01-07-2018,Dublin,4097,2218,1879,612,2506,904,75,1747,2352,67,0,1367,2894
01-07-2018,Mid-East,248,145,103,28,145,63,12,115,111,22,0,51,129
01-07-2018,Midlands,104,54,50,25,63,15,1,67,37,0,0,35,83
01-07-2018,Mid-West,379,220,159,54,216,95,14,134,201,47,0,85,176
01-07-2018,North-East,127,71,56,10,75,33,9,76,50,1,0,21,43
01-07-2018,North-West,47,39,8,9,22,15,1,11,21,13,2,4,7
01-07-2018,South-East,310,203,107,65,159,78,8,93,187,4,26,35,71
01-07-2018,South-West,425,245,180,72,247,96,10,246,193,0,0,95,255
01-07-2018,West,287,165,122,38,174,69,6,155,129,0,3,85,209
01-08-2018,Dublin,3944,2147,1797,571,2398,899,76,1778,2183,65,0,1307,2821
01-08-2018,Mid-East,212,130,82,30,111,62,9,139,52,21,0,38,74
01-08-2018,Midlands,104,51,53,23,69,11,1,65,39,0,0,38,87
01-08-2018,Mid-West,370,229,141,49,213,95,13,122,203,45,0,79,162
01-08-2018,North-East,132,79,53,13,77,34,8,71,60,1,0,28,62
01-08-2018,North-West,67,48,19,14,36,16,1,22,26,15,5,6,15
01-08-2018,South-East,317,212,105,65,165,79,8,112,188,4,13,36,71
01-08-2018,South-West,430,242,188,72,249,100,9,257,202,0,0,98,247
01-08-2018,West,258,149,109,38,145,71,4,142,113,0,3,68,154
01-09-2018,Dublin,3940,2125,1815,578,2381,903,78,1787,2179,57,0,1326,2869
01-09-2018,Mid-East,221,131,90,25,140,53,3,152,65,4,0,45,106
01-09-2018,Midlands,111,54,57,37,68,5,1,74,37,0,0,43,104
01-09-2018,Mid-West,354,217,137,49,203,93,9,120,199,38,0,78,168
01-09-2018,North-East,132,80,52,14,82,29,7,66,65,1,0,29,63
01-09-2018,North-West,54,36,18,9,24,20,1,11,25,13,5,5,14
01-09-2018,South-East,338,220,118,72,170,86,10,123,191,4,20,35,66
01-09-2018,South-West,457,263,194,69,282,95,11,268,197,0,0,116,280
01-09-2018,West,262,149,113,40,157,60,5,150,110,0,5,76,159
01-10-2018,Dublin,4027,2191,1836,544,2454,950,79,1838,2180,64,0,1295,2800
01-10-2018,Mid-East,213,124,89,26,128,56,3,139,71,3,0,39,96
01-10-2018,Midlands,102,51,51,24,60,15,3,65,37,0,0,37,81
01-10-2018,Mid-West,369,231,138,52,208,101,8,123,200,46,0,73,156
01-10-2018,North-East,133,83,50,13,81,32,7,56,74,3,0,23,59
01-10-2018,North-West,57,36,21,10,27,19,1,17,25,12,3,10,19
01-10-2018,South-East,347,225,122,70,175,92,10,125,198,4,20,37,74
01-10-2018,South-West,460,262,198,68,279,103,10,272,198,0,0,118,273
01-10-2018,West,291,164,127,46,168,69,8,164,122,0,5,77,167
01-11-2018,Dublin,4129,2299,1830,552,2503,994,80,2002,2162,64,0,1296,2816
01-11-2018,Mid-East,223,131,92,30,135,55,3,110,110,3,0,44,104
01-11-2018,Midlands,118,62,56,25,68,21,4,81,37,0,0,43,103
01-11-2018,Mid-West,385,239,146,58,211,108,8,136,199,50,0,81,160
01-11-2018,North-East,142,92,50,14,86,33,9,60,79,3,0,22,59
01-11-2018,North-West,55,38,17,12,25,15,3,17,27,7,4,7,17
01-11-2018,South-East,317,211,106,64,159,87,7,106,190,4,17,33,68
01-11-2018,South-West,495,284,211,68,301,117,9,289,207,0,0,120,298
01-11-2018,West,293,166,127,45,166,75,7,199,88,0,6,82,186
01-12-2018,Dublin,4175,2349,1826,565,2523,1006,81,1993,2170,66,0,1252,2686
01-12-2018,Mid-East,232,134,98,32,139,58,3,113,116,3,0,38,95
01-12-2018,Midlands,109,58,51,19,67,20,3,72,37,0,0,35,97
01-12-2018,Mid-West,355,220,135,52,187,108,8,113,199,43,0,53,104
01-12-2018,North-East,141,92,49,19,78,35,9,63,75,3,0,18,43
01-12-2018,North-West,46,31,15,10,23,12,1,14,24,6,2,6,15
01-12-2018,South-East,319,211,108,66,157,89,7,114,189,2,14,31,58
01-12-2018,South-West,491,296,195,65,298,116,12,265,226,0,0,103,282
01-12-2018,West,326,193,133,41,181,95,9,192,128,0,6,81,179
01-01-2019,Dublin,4258,2428,1830,577,2586,1018,77,2043,2242,72,0,1221,2706
01-01-2019,Mid-East,254,149,105,32,160,59,3,125,126,3,0,40,105
01-01-2019,Midlands,111,60,51,19,66,22,4,74,37,0,0,35,101
01-01-2019,Mid-West,338,221,117,47,179,103,9,107,190,41,0,64,119
01-01-2019,North-East,162,97,65,22,90,41,9,99,62,1,0,25,55
01-01-2019,North-West,52,35,17,13,27,11,1,17,24,10,1,10,25
01-01-2019,South-East,316,212,104,65,167,76,8,108,194,2,12,30,51
01-01-2019,South-West,514,324,190,65,319,117,13,288,235,0,0,108,283
01-01-2019,West,358,218,140,53,199,95,11,216,136,0,6,81,179
01-02-2019,Dublin,4304,2452,1852,565,2617,1052,70,2052,2281,74,0,1288,2806
01-02-2019,Mid-East,280,169,111,35,173,68,4,177,93,3,7,43,121
01-02-2019,Midlands,116,61,55,25,63,25,3,78,38,0,0,35,98
01-02-2019,Mid-West,349,224,125,55,186,99,9,117,190,42,0,71,136
01-02-2019,North-East,161,96,65,27,84,40,10,95,63,3,0,20,49
01-02-2019,North-West,61,41,20,15,31,14,1,27,23,10,1,11,26
01-02-2019,South-East,322,210,112,62,169,83,8,116,191,3,12,38,64
01-02-2019,South-West,532,324,208,69,328,121,14,302,236,0,0,122,283
01-02-2019,West,355,218,137,57,188,100,10,219,130,0,6,79,201
01-03-2019,Dublin,4315,2465,1850,567,2627,1058,63,2073,2251,74,0,1297,2806
01-03-2019,Mid-East,283,173,110,27,176,75,5,171,105,3,4,50,130
01-03-2019,Midlands,116,56,60,26,61,27,2,80,36,0,0,34,100
01-03-2019,Mid-West,347,228,119,57,186,97,7,122,188,37,0,76,146
01-03-2019,North-East,173,105,68,27,94,41,11,101,70,2,0,19,47
01-03-2019,North-West,55,39,16,12,31,11,1,20,23,9,3,10,25
01-03-2019,South-East,313,203,110,61,161,82,9,110,184,3,16,37,65
01-03-2019,South-West,534,313,221,64,322,133,15,315,222,0,0,125,289
01-03-2019,West,348,206,142,47,190,99,12,215,127,0,6,85,213
01-04-2019,Dublin,4401,2538,1863,582,2647,1105,67,2118,2330,69,0,1284,2769
01-04-2019,Mid-East,303,189,114,33,185,76,9,183,113,3,4,59,144
01-04-2019,Midlands,122,62,60,29,62,29,2,83,39,0,0,30,79
01-04-2019,Mid-West,331,219,112,54,181,89,7,117,176,38,0,75,139
01-04-2019,North-East,178,113,65,26,98,41,13,108,69,1,0,18,42
01-04-2019,North-West,48,33,15,7,28,11,2,16,20,11,1,8,22
01-04-2019,South-East,304,206,98,58,161,77,8,98,186,3,17,38,67
01-04-2019,South-West,556,320,236,74,343,125,14,339,222,0,0,137,314
01-04-2019,West,341,204,137,40,191,98,12,206,129,0,7,80,218
01-05-2019,Dublin,4367,2542,1825,571,2616,1107,73,2097,2316,72,0,1275,2771
01-05-2019,Mid-East,294,178,116,30,177,80,7,177,110,3,4,56,135
01-05-2019,Midlands,105,43,62,24,55,23,3,67,38,0,0,20,54
01-05-2019,Mid-West,341,224,117,52,188,95,6,116,186,39,0,79,147
01-05-2019,North-East,176,115,61,24,99,39,14,104,71,1,0,15,36
01-05-2019,North-West,50,36,14,7,29,12,2,12,25,12,1,7,24
01-05-2019,South-East,295,194,101,58,151,79,7,85,191,4,15,36,64
01-05-2019,South-West,552,322,230,74,332,131,15,350,207,0,0,132,318
01-05-2019,West,324,190,134,39,180,94,11,209,108,0,7,80,200
01-06-2019,Dublin,4356,2529,1827,572,2600,1112,72,2157,2275,68,0,1249,2722
01-06-2019,Mid-East,294,176,118,31,173,80,10,188,99,3,4,58,139
01-06-2019,Midlands,107,51,56,23,57,25,2,68,39,0,0,24,65
01-06-2019,Mid-West,332,213,119,39,192,93,8,111,185,36,0,75,138
01-06-2019,North-East,182,118,64,23,105,41,13,107,73,1,1,20,46
01-06-2019,North-West,55,39,16,7,32,14,2,12,26,10,7,7,25
01-06-2019,South-East,284,185,99,56,143,78,7,77,191,4,12,31,57
01-06-2019,South-West,550,323,227,72,332,130,16,339,214,0,0,135,284
01-06-2019,West,337,192,145,44,186,95,12,215,117,0,5,87,199
01-07-2019,Dublin,4300,2448,1852,580,2490,1154,76,2191,2106,73,0,1265,2776
01-07-2019,Mid-East,306,177,129,38,180,79,9,205,94,3,4,68,163
01-07-2019,Midlands,119,55,64,29,59,29,2,78,41,0,0,25,60
01-07-2019,Mid-West,343,212,131,44,195,96,8,113,189,41,0,81,154
01-07-2019,North-East,187,118,69,28,105,42,12,117,69,1,0,19,41
01-07-2019,North-West,54,40,14,8,27,16,3,15,24,11,4,7,24
01-07-2019,South-East,263,173,90,48,138,71,6,61,177,11,14,33,60
01-07-2019,South-West,575,336,239,79,340,141,15,363,212,0,0,143,315
01-07-2019,West,350,200,150,51,192,95,12,227,123,0,0,80,185
01-08-2019,Dublin,4312,2447,1865,569,2511,1153,79,2260,2078,67,0,1280,2850
01-08-2019,Mid-East,327,193,134,44,193,81,9,223,98,3,4,79,182
01-08-2019,Midlands,98,47,51,20,50,28,0,61,12,25,0,22,49
01-08-2019,Mid-West,323,202,121,46,170,100,7,103,186,34,0,76,141
01-08-2019,North-East,179,106,73,32,102,34,11,112,66,1,0,19,40
01-08-2019,North-West,51,35,16,12,27,10,2,10,24,11,6,6,20
01-08-2019,South-East,266,170,96,51,136,73,6,64,174,10,18,30,57
01-08-2019,South-West,583,345,238,87,338,136,22,375,13,195,0,131,309
01-08-2019,West,351,210,141,49,195,95,12,229,122,0,0,83,200
01-09-2019,Dublin,4370,2486,1884,582,2535,1175,78,2269,2098,70,0,1294,2872
01-09-2019,Mid-East,316,186,130,49,180,77,10,222,91,3,0,86,191
01-09-2019,Midlands,94,43,51,15,54,25,0,58,12,24,0,26,61
01-09-2019,Mid-West,324,192,132,53,175,90,6,108,177,40,0,81,142
01-09-2019,North-East,169,101,68,34,89,34,12,111,58,0,0,29,49
01-09-2019,North-West,55,35,20,8,31,15,1,16,25,12,2,5,17
01-09-2019,South-East,256,171,85,57,126,66,7,67,178,10,1,22,40
01-09-2019,South-West,592,356,236,94,322,155,21,356,237,0,0,124,288
01-09-2019,West,348,211,137,44,194,97,13,218,128,0,2,89,213
01-10-2019,Dublin,4534,2658,1876,583,2671,1201,79,2260,2321,65,0,1270,2795
01-10-2019,Mid-East,319,191,128,49,173,85,12,214,102,3,0,86,198
01-10-2019,Midlands,96,46,50,18,55,23,0,59,12,25,0,23,55
01-10-2019,Mid-West,345,203,142,53,195,91,6,128,180,37,0,88,163
01-10-2019,North-East,144,87,57,28,76,30,10,92,52,0,0,27,47
01-10-2019,North-West,65,44,21,12,37,15,1,20,29,13,3,8,19
01-10-2019,South-East,237,161,76,46,114,69,8,70,156,3,8,21,46
01-10-2019,South-West,608,378,230,79,346,159,24,360,248,0,0,125,291
01-10-2019,West,340,196,144,41,192,93,14,214,121,0,5,85,212
01-11-2019,Dublin,4509,2636,1873,557,2635,1228,89,2372,2314,64,0,1256,2782
01-11-2019,Mid-East,322,197,125,43,183,85,11,199,120,3,0,82,190
01-11-2019,Midlands,97,45,52,20,53,24,0,60,12,25,0,25,55
01-11-2019,Mid-West,369,222,147,49,214,98,8,137,190,42,0,76,140
01-11-2019,North-East,141,85,56,24,75,32,10,84,57,0,0,20,33
01-11-2019,North-West,67,49,18,11,39,16,1,22,30,11,4,6,17
01-11-2019,South-East,238,170,68,44,120,65,9,59,169,0,10,15,31
01-11-2019,South-West,592,361,231,81,351,139,21,338,254,0,0,119,289
01-11-2019,West,361,208,153,53,197,95,16,223,136,0,2,86,215
01-12-2019,Dublin,4268,2498,1770,510,2495,1180,83,1992,2250,58,0,1162,2553
01-12-2019,Mid-East,310,197,113,41,166,92,11,189,117,4,0,71,169
01-12-2019,Midlands,98,48,50,11,51,33,3,62,12,24,0,23,53
01-12-2019,Mid-West,335,212,123,51,179,97,8,112,188,35,0,76,126
01-12-2019,North-East,127,72,55,19,64,33,11,75,51,1,0,12,24
01-12-2019,North-West,58,41,17,9,32,16,1,18,28,11,1,9,18
01-12-2019,South-East,205,151,54,30,112,55,8,54,149,0,2,8,19
01-12-2019,South-West,548,337,211,68,332,127,21,317,234,0,0,109,263
01-12-2019,West,360,210,150,45,198,102,15,208,150,0,2,78,197
01-01-2020,Dublin,4600,2773,1827,577,2687,1250,86,2349,2278,62,0,1201,2678
01-01-2020,Mid-East,301,186,115,40,160,90,11,183,114,4,0,68,156
01-01-2020,Midlands,109,58,51,22,58,28,1,73,12,24,0,25,56
01-01-2020,Mid-West,341,208,133,48,189,97,7,121,182,38,0,85,147
01-01-2020,North-East,128,77,51,18,63,36,11,70,56,2,0,22,32
01-01-2020,North-West,67,45,22,14,34,18,1,19,31,11,6,9,21
01-01-2020,South-East,222,160,62,35,122,56,9,58,162,0,2,11,21
01-01-2020,South-West,578,358,220,73,342,138,25,328,254,0,0,111,264
01-01-2020,West,351,202,149,42,195,101,13,205,144,0,2,79,199
01-02-2020,Dublin,4550,2766,1784,580,2641,1222,107,2288,2289,60,0,1178,2669
01-02-2020,Mid-East,312,191,121,42,171,89,10,186,122,4,0,76,167
01-02-2020,Midlands,114,62,52,25,59,28,2,77,12,26,0,24,53
01-02-2020,Mid-West,347,213,134,52,196,92,7,120,184,43,0,85,148
01-02-2020,North-East,124,71,53,15,64,32,13,69,54,1,0,23,34
01-02-2020,North-West,63,45,18,9,37,16,1,21,31,10,1,7,17
01-02-2020,South-East,217,161,56,32,120,57,8,53,162,0,2,13,19
01-02-2020,South-West,572,362,210,78,332,139,23,313,260,0,0,103,244
01-02-2020,West,315,187,128,48,162,93,12,165,150,0,0,101,183
01-03-2020,Dublin,4515,2773,1742,524,2662,1241,88,2442,2102,54,0,1103,2491
01-03-2020,Mid-East,317,191,126,44,174,88,11,192,121,4,0,81,184
01-03-2020,Midlands,97,53,44,20,51,25,1,63,12,22,0,17,38
01-03-2020,Mid-West,331,199,132,51,178,95,7,115,184,32,0,78,133
01-03-2020,North-East,112,64,48,18,55,27,12,64,48,0,0,16,28
01-03-2020,North-West,69,50,19,11,38,19,1,27,32,10,0,7,14
01-03-2020,South-East,218,162,56,33,121,55,9,51,164,0,3,12,18
01-03-2020,South-West,550,345,205,76,320,128,26,328,223,0,0,94,229
01-03-2020,West,343,190,153,51,186,91,15,212,131,0,0,80,220
01-04-2020,Dublin,4266,2652,1614,475,2514,1190,87,2335,1902,42,0,974,2232
01-04-2020,Mid-East,335,211,124,46,183,96,10,208,123,4,0,72,168
01-04-2020,Midlands,98,58,40,25,50,21,2,67,12,19,0,17,47
01-04-2020,Mid-West,330,211,119,40,182,100,8,112,179,36,3,82,144
01-04-2020,North-East,110,64,46,18,54,25,13,61,49,0,0,14,30
01-04-2020,North-West,71,51,20,12,39,19,1,29,31,11,0,3,12
01-04-2020,South-East,218,160,58,33,117,60,8,57,160,0,1,12,19
01-04-2020,South-West,511,324,187,53,308,128,22,338,174,0,0,84,207
01-04-2020,West,323,184,139,47,174,89,13,198,125,0,0,81,214
01-05-2020,Dublin,4164,2641,1523,450,2434,1198,82,2336,1856,39,0,893,2065
01-05-2020,Mid-East,318,207,111,42,170,98,8,201,113,4,0,63,138
01-05-2020,Midlands,92,57,35,14,54,21,3,65,11,16,0,17,43
01-05-2020,Mid-West,300,195,105,40,161,91,8,98,170,32,0,55,89
01-05-2020,North-East,119,75,44,17,65,25,12,32,51,36,0,17,24
01-05-2020,North-West,70,53,17,11,39,19,1,28,32,10,0,5,12
01-05-2020,South-East,201,146,55,34,106,55,6,51,150,0,0,11,14
01-05-2020,South-West,511,320,191,55,307,131,18,337,175,0,0,84,213
01-05-2020,West,314,174,140,46,171,87,10,169,143,0,2,72,189
01-06-2020,Dublin,4173,2640,1533,481,2439,1197,56,2299,1889,39,0,871,1979
01-06-2020,Mid-East,309,197,112,41,166,94,8,210,105,4,0,61,146
01-06-2020,Midlands,97,56,41,15,61,20,1,71,10,16,0,17,42
01-06-2020,Mid-West,291,193,98,38,161,84,8,90,169,32,0,46,78
01-06-2020,North-East,119,76,43,18,65,24,12,32,52,35,0,16,34
01-06-2020,North-West,69,53,16,12,38,18,1,28,30,10,1,5,12
01-06-2020,South-East,189,141,48,27,102,54,6,49,140,0,0,10,13
01-06-2020,South-West,502,334,168,52,312,120,18,312,191,0,0,68,179
01-06-2020,West,297,165,132,47,159,79,12,158,139,0,0,65,170
01-07-2020,Dublin,4188,2668,1520,480,2436,1200,72,2315,1888,38,0,862,2017
01-07-2020,Mid-East,316,206,110,45,168,92,11,195,117,4,0,55,134
01-07-2020,Midlands,95,58,37,18,57,19,1,68,10,17,0,19,44
01-07-2020,Mid-West,289,202,87,36,163,83,7,82,173,34,0,45,70
01-07-2020,North-East,129,85,44,20,78,21,10,53,64,12,0,21,31
01-07-2020,North-West,73,53,20,14,40,18,1,27,31,11,4,3,9
01-07-2020,South-East,187,138,49,30,100,51,6,48,139,0,0,9,12
01-07-2020,South-West,514,345,169,59,301,135,19,326,192,0,0,66,170
01-07-2020,West,286,160,126,51,145,78,12,155,131,0,0,62,164
01-08-2020,Dublin,4204,2695,1509,481,2432,1221,70,2334,1879,34,0,856,2023
01-08-2020,Mid-East,303,193,110,45,165,82,11,194,105,4,0,51,132
01-08-2020,Midlands,92,56,36,20,52,19,1,66,10,16,0,19,45
01-08-2020,Mid-West,291,199,92,34,173,76,8,83,171,37,0,41,62
01-08-2020,North-East,126,85,41,19,74,21,12,40,50,36,0,14,25
01-08-2020,North-West,67,45,22,14,35,17,1,29,28,8,2,5,11
01-08-2020,South-East,188,140,48,32,98,51,7,47,141,0,0,13,20
01-08-2020,South-West,529,350,179,69,299,138,23,335,197,0,0,62,157
01-08-2020,West,282,165,117,49,139,84,10,142,140,0,0,59,145
01-09-2020,Dublin,4251,2713,1538,504,2460,1218,69,2395,1865,35,0,865,2008
01-09-2020,Mid-East,295,184,111,48,154,82,11,195,97,4,0,58,139
01-09-2020,Midlands,81,48,33,18,45,17,1,52,11,18,0,16,37
01-09-2020,Mid-West,291,190,101,33,178,75,5,82,175,34,0,46,67
01-09-2020,North-East,102,77,25,13,61,19,9,28,51,23,0,5,9
01-09-2020,North-West,74,49,25,15,40,18,1,32,30,10,2,5,11
01-09-2020,South-East,195,145,50,32,101,55,7,51,144,0,0,13,19
01-09-2020,South-West,532,348,184,73,311,129,19,339,195,0,0,68,163
01-09-2020,West,252,145,107,48,125,69,10,128,124,0,0,52,130
01-10-2020,Dublin,4297,2762,1535,484,2494,1247,72,2410,1907,35,0,858,2070
01-10-2020,Mid-East,313,192,121,62,169,73,9,208,101,4,0,60,141
01-10-2020,Midlands,79,43,36,17,41,19,2,52,11,16,0,22,48
01-10-2020,Mid-West,289,193,96,27,177,78,7,80,172,37,0,39,62
01-10-2020,North-East,100,73,27,12,57,21,10,27,51,22,0,3,7
01-10-2020,North-West,67,44,23,13,37,17,0,29,25,11,2,6,13
01-10-2020,South-East,197,149,48,31,105,54,7,53,144,0,0,14,22
01-10-2020,South-West,501,338,163,53,290,140,18,340,177,0,0,65,163
01-10-2020,West,252,151,101,42,134,67,9,119,133,0,0,50,116
01-11-2020,Dublin,4243,2749,1494,487,2458,1228,70,2396,1856,37,0,783,1914
01-11-2020,Mid-East,323,208,115,49,173,90,11,215,104,4,0,60,134
01-11-2020,Midlands,79,45,34,19,40,18,2,51,11,17,0,21,46
01-11-2020,Mid-West,287,187,100,26,182,74,5,71,183,33,0,34,53
01-11-2020,North-East,95,71,24,8,56,22,9,29,43,23,0,9,17
01-11-2020,North-West,75,49,26,17,38,19,1,37,25,11,2,7,16
01-11-2020,South-East,174,126,48,30,90,48,6,52,122,0,0,16,25
01-11-2020,South-West,504,344,160,61,283,143,17,337,171,0,0,58,142
01-11-2020,West,252,146,106,48,122,73,9,115,137,0,0,46,105
01-12-2020,Dublin,4158,2681,1477,482,2402,1209,65,2360,1795,37,0,755,1864
01-12-2020,Mid-East,310,198,112,43,170,86,11,201,105,3,1,53,127
01-12-2020,Midlands,68,38,30,15,34,18,1,39,14,15,0,16,34
01-12-2020,Mid-West,274,182,92,26,167,76,5,68,164,42,0,30,51
01-12-2020,North-East,89,68,21,11,50,21,7,28,44,17,0,4,9
01-12-2020,North-West,72,51,21,18,34,19,1,32,28,11,1,6,12
01-12-2020,South-East,169,124,45,26,86,49,8,50,119,0,0,14,21
01-12-2020,South-West,485,340,145,57,272,139,17,327,158,0,0,50,119
01-12-2020,West,248,146,102,50,120,70,8,108,140,0,0,42,90
01-01-2021,Dublin,4175,2724,1451,485,2397,1225,68,2372,1858,33,0,742,1823
01-01-2021,Mid-East,329,218,111,51,172,95,11,206,120,3,0,59,152
01-01-2021,Midlands,66,36,30,17,30,17,2,39,11,16,0,14,31
01-01-2021,Mid-West,295,200,95,29,181,80,5,71,190,34,0,29,45
01-01-2021,North-East,85,66,19,12,43,22,8,25,38,22,0,1,1
01-01-2021,North-West,84,61,23,19,45,19,1,36,32,13,3,6,12
01-01-2021,South-East,181,132,49,28,94,50,9,58,123,0,0,19,32
01-01-2021,South-West,503,354,149,67,282,140,14,342,163,0,0,50,122
01-01-2021,West,269,159,110,52,131,78,8,127,142,0,0,46,108
01-02-2021,Dublin,4129,2693,1436,475,2375,1213,66,2273,1952,34,0,716,1760
01-02-2021,Mid-East,335,221,114,50,181,94,10,201,131,3,0,54,150
01-02-2021,Midlands,74,42,32,21,38,14,1,48,9,17,0,17,37
01-02-2021,Mid-West,293,203,90,33,177,79,4,68,192,33,0,29,47
01-02-2021,North-East,97,76,21,15,50,24,8,25,47,25,0,1,3
01-02-2021,North-West,84,60,24,17,47,19,1,36,32,15,1,5,8
01-02-2021,South-East,180,134,46,32,85,54,9,56,124,0,0,19,32
01-02-2021,South-West,503,359,144,77,276,139,11,338,173,0,0,42,107
01-02-2021,West,279,163,116,56,142,74,7,133,146,0,0,52,120
01-03-2021,Dublin,4093,2706,1387,459,2392,1179,63,2267,1836,33,0,681,1669
01-03-2021,Mid-East,338,231,107,51,188,91,8,206,129,3,0,55,121
01-03-2021,Midlands,67,40,27,19,35,12,1,41,11,15,0,13,24
01-03-2021,Mid-West,284,197,87,34,174,71,5,59,190,35,0,27,38
01-03-2021,North-East,85,65,20,14,40,22,9,21,46,18,0,6,13
01-03-2021,North-West,80,57,23,13,45,21,1,37,30,12,1,4,13
01-03-2021,South-East,184,133,51,30,94,52,8,52,132,0,0,16,30
01-03-2021,South-West,486,344,142,74,266,133,13,324,166,0,0,45,106
01-03-2021,West,277,168,109,44,145,77,11,125,152,0,0,66,152
01-04-2021,Dublin,4087,2682,1405,482,2374,1168,63,2289,1823,37,0,699,1719
01-04-2021,Mid-East,350,238,112,51,194,93,12,216,131,3,0,55,131
01-04-2021,Midlands,72,45,27,22,38,11,1,46,10,16,0,12,21
01-04-2021,Mid-West,288,204,84,27,177,79,5,55,200,33,0,28,35
01-04-2021,North-East,97,71,26,15,50,23,9,22,52,23,0,5,10
01-04-2021,North-West,74,52,22,10,45,18,1,46,12,14,2,5,9
01-04-2021,South-East,175,127,48,26,94,48,7,44,131,0,0,15,29
01-04-2021,South-West,483,349,134,61,278,129,15,325,158,0,0,45,96
01-04-2021,West,263,162,101,39,141,72,11,111,152,0,0,61,143
01-05-2021,Dublin,4054,2654,1400,500,2357,1136,61,2196,1914,26,0,688,1659
01-05-2021,Mid-East,327,223,104,53,172,91,11,197,127,3,0,49,110
01-05-2021,Midlands,80,51,29,20,44,15,1,54,10,16,0,13,24
01-05-2021,Mid-West,286,198,88,35,173,73,5,51,202,33,0,32,47
01-05-2021,North-East,91,67,24,13,46,22,10,22,50,19,0,8,19
01-05-2021,North-West,83,55,28,17,44,21,1,38,29,13,3,9,17
01-05-2021,South-East,178,132,46,33,98,41,6,40,138,0,0,16,31
01-05-2021,South-West,495,348,147,65,279,135,16,324,175,0,0,51,100
01-05-2021,West,249,145,104,44,127,70,8,119,130,0,0,62,141
01-06-2021,Dublin,4069,2669,1400,513,2368,1128,60,2200,1889,27,0,702,1684
01-06-2021,Mid-East,322,215,107,53,164,95,10,196,123,3,0,47,111
01-06-2021,Midlands,75,48,27,19,41,14,1,49,10,16,0,12,22
01-06-2021,Mid-West,281,195,86,32,171,73,5,50,198,33,0,31,46
01-06-2021,North-East,96,72,24,9,52,25,10,21,54,21,0,8,18
01-06-2021,North-West,81,55,26,18,40,22,1,37,28,13,3,6,13
01-06-2021,South-East,173,130,43,26,100,42,5,35,138,0,0,14,25
01-06-2021,South-West,492,351,141,61,272,141,18,333,165,0,0,46,94
01-06-2021,West,258,150,108,47,122,79,10,124,134,0,0,66,154
01-07-2021,Dublin,4220,2743,1477,668,2385,1111,56,2295,2036,36,0,700,1657
01-07-2021,Mid-East,306,197,109,52,151,92,11,177,122,3,4,46,89
01-07-2021,Midlands,77,50,27,19,46,11,1,51,11,15,0,5,9
01-07-2021,Mid-West,275,189,86,32,155,82,6,31,216,28,0,27,41
01-07-2021,North-East,96,70,26,10,47,32,7,17,57,22,0,8,18
01-07-2021,North-West,77,54,23,17,37,21,2,38,26,13,0,8,16
01-07-2021,South-East,180,129,51,30,101,43,6,40,140,0,0,18,31
01-07-2021,South-West,492,347,145,61,275,138,18,328,167,0,0,52,103
01-07-2021,West,280,163,117,54,129,86,11,155,125,0,0,66,165
01-08-2021,Dublin,4220,2735,1485,695,2327,1133,65,2258,2002,35,0,723,1710
01-08-2021,Mid-East,305,199,106,45,154,95,11,184,118,3,0,46,92
01-08-2021,Midlands,84,54,30,23,43,16,2,58,0,26,0,7,11
01-08-2021,Mid-West,283,195,88,32,165,80,6,27,222,34,0,30,45
01-08-2021,North-East,103,76,27,8,60,28,7,19,59,25,0,8,19
01-08-2021,North-West,70,44,26,18,32,19,1,24,33,13,0,6,10
01-08-2021,South-East,176,127,49,27,101,43,5,42,134,0,0,17,34
01-08-2021,South-West,504,357,147,65,278,142,19,339,171,0,0,53,104
01-08-2021,West,278,162,116,71,126,70,11,158,120,0,0,63,164
01-09-2021,Dublin,4287,2776,1511,708,2374,1141,64,2329,1997,39,0,752,1806
01-09-2021,Mid-East,318,205,113,51,162,96,9,192,112,3,11,52,104
01-09-2021,Midlands,91,60,31,21,49,18,3,65,0,26,0,6,11
01-09-2021,Mid-West,299,203,96,31,169,93,6,28,240,31,0,32,52
01-09-2021,North-East,75,59,16,5,44,21,5,12,54,8,1,9,20
01-09-2021,North-West,74,51,23,14,38,21,1,27,32,15,0,8,12
01-09-2021,South-East,193,137,56,29,110,48,6,53,140,0,0,18,39
01-09-2021,South-West,512,361,151,65,283,145,19,339,179,0,0,60,122
01-09-2021,West,282,166,116,65,128,74,15,160,122,0,0,68,178
01-10-2021,Dublin,4432,2875,1557,769,2439,1165,59,2465,1986,38,0,799,1903
01-10-2021,Mid-East,324,206,118,54,162,98,10,198,122,4,0,55,122
01-10-2021,Midlands,89,54,35,18,54,15,2,64,0,25,0,10,17
01-10-2021,Mid-West,282,185,97,35,151,90,6,34,218,30,0,36,61
01-10-2021,North-East,81,61,20,7,45,24,5,11,63,7,0,9,18
01-10-2021,North-West,77,50,27,11,43,22,1,31,32,14,0,8,15
01-10-2021,South-East,201,144,57,36,111,49,5,57,144,0,0,18,38
01-10-2021,South-West,534,371,163,67,298,151,18,351,185,0,0,68,142
01-10-2021,West,297,171,126,56,145,79,17,168,129,0,0,79,197
01-11-2021,Dublin,4568,2999,1569,797,2501,1208,62,2651,1938,31,0,815,1930
01-11-2021,Mid-East,352,220,132,65,168,109,10,213,133,6,0,60,116
01-11-2021,Midlands,86,51,35,18,54,14,0,63,0,23,0,11,18
01-11-2021,Mid-West,300,195,105,37,163,94,6,42,226,32,0,41,77
01-11-2021,North-East,82,61,21,10,42,24,6,20,60,2,0,10,21
01-11-2021,North-West,73,48,25,12,34,26,1,23,37,13,0,8,17
01-11-2021,South-East,217,155,62,38,116,55,8,63,154,0,0,21,44
01-11-2021,South-West,531,372,159,66,295,153,17,349,184,0,0,63,130
01-11-2021,West,342,206,136,162,98,14,,182,160,0,0,79,195
01-12-2021,Dublin,4489,2961,1528,784,2432,1211,62,2553,1960,36,0,802,1891
01-12-2021,Mid-East,340,224,116,59,162,108,11,192,140,5,3,55,119
01-12-2021,Midlands,93,52,41,25,50,17,1,67,0,26,0,15,24
01-12-2021,Mid-West,308,196,112,41,166,94,7,46,228,34,0,46,69
01-12-2021,North-East,82,61,21,10,46,20,6,13,59,10,0,10,27
01-12-2021,North-West,61,41,20,9,32,19,1,17,31,13,0,7,10
01-12-2021,South-East,214,162,52,38,118,50,8,66,148,0,0,24,45
01-12-2021,South-West,528,373,155,61,302,148,17,357,171,0,0,55,113
01-12-2021,West,351,215,136,63,190,86,12,165,186,0,0,63,153
01-01-2022,Dublin,4580,2988,1592,804,2470,1242,64,2592,2011,35,0,821,1928
01-01-2022,Mid-East,344,229,115,58,165,109,12,203,133,5,3,53,122
01-01-2022,Midlands,95,48,47,25,56,13,1,70,0,25,0,18,28
01-01-2022,Mid-West,321,201,120,43,180,89,9,55,230,36,0,50,89
01-01-2022,North-East,80,60,20,15,40,20,5,13,55,12,0,12,36
01-01-2022,North-West,71,47,24,13,38,19,1,24,32,15,0,11,16
01-01-2022,South-East,215,156,59,40,114,54,7,65,150,0,0,23,35
01-01-2022,South-West,552,396,156,54,320,159,19,368,186,0,0,56,125
01-01-2022,West,329,198,131,59,169,89,12,170,159,0,0,75,184
01-02-2022,Dublin,4711,3055,1656,830,2543,1269,69,2690,1986,35,0,851,1996
01-02-2022,Mid-East,385,253,132,73,185,115,12,254,123,5,3,62,130
01-02-2022,Midlands,100,57,43,20,60,18,2,68,0,32,0,19,31
01-02-2022,Mid-West,327,200,127,45,177,94,11,58,235,34,0,50,93
01-02-2022,North-East,85,60,25,13,43,24,5,15,60,10,0,13,29
01-02-2022,North-West,75,50,25,14,43,16,2,27,34,14,0,11,17
01-02-2022,South-East,241,169,72,44,132,56,9,81,160,0,0,30,51
01-02-2022,South-West,586,403,183,62,346,162,16,386,200,0,0,71,148
01-02-2022,West,315,193,122,58,161,84,12,161,154,0,0,73,172
01-02-2022,,,,,,,,,,,,,,
01-02-2022,,,,,,,,,,,,,,
01-02-2022,,,,,,,,,,,,,,
01-02-2022,,,,,,,,,,,,,,
01-02-2022,,,,,,,,,,,,,,
01-02-2022,,,,,,,,,,,,,,
01-02-2022,,,,,,,,,,,,,,
01-02-2022,,,,,,,,,,,,,,
01-02-2022,,,,,,,,,,,,,,
01-02-2022,,,,,,,,,,,,,,
01-02-2022,,,,,,,,,,,,,,
01-02-2022,,,,,,,,,,,,,,
01-02-2022,,,,,,,,,,,,,,
01-02-2022,,,,,,,,,,,,,,
01-02-2022,,,,,,,,,,,,,,
01-02-2022,,,,,,,,,,,,,,
01-02-2022,,,,,,,,,,,,,,
01-02-2022,,,,,,,,,,,,,,
01-02-2022,,,,,,,,,,,,,,
01-02-2022,,,,,,,,,,,,,,
01-02-2022,851,409,1455,1996,,,,,,,,,,
01-02-2022,62,34,104,130,,,,,,,,,,
01-02-2022,19,13,25,31,,,,,,,,,,
01-02-2022,50,38,62,93,,,,,,,,,,
01-02-2022,13,9,17,29,,,,,,,,,,
01-02-2022,11,8,14,17,,,,,,,,,,
01-02-2022,30,23,37,51,,,,,,,,,,
01-02-2022,71,47,95,148,,,,,,,,,,
01-02-2022,73,37,109,172,,,,,,,,,,
01-03-2022,Dublin,4886,3162,1724,893,2599,1326,68,2823,2103,37,0,901,2109
01-03-2022,Mid-East,385,241,144,76,182,112,15,234,142,5,4,71,159
01-03-2022,Midlands,105,57,48,19,65,14,7,71,0,34,0,21,34
01-03-2022,Mid-West,330,207,123,41,175,104,10,67,233,31,0,51,102
01-03-2022,North-East,84,59,25,15,43,21,5,23,52,9,0,14,32
01-03-2022,North-West,77,49,28,14,46,15,2,26,34,17,0,13,20
01-03-2022,South-East,246,175,71,43,134,60,9,80,166,0,0,28,50
01-03-2022,South-West,570,401,169,66,327,164,13,376,197,0,0,64,127
01-03-2022,West,331,197,134,63,166,88,14,181,150,0,0,75,178
01-04-2022,Dublin,4991,3218,1773,918,2666,1340,67,2884,2117,36,0,956,2209
01-04-2022,Mid-East,405,257,148,78,199,113,15,243,153,5,4,76,173
01-04-2022,Midlands,101,52,49,19,57,23,2,66,0,34,1,22,42
01-04-2022,Mid-West,341,212,129,43,189,97,12,76,233,32,0,57,109
01-04-2022,North-East,89,58,31,12,48,22,7,33,55,1,0,11,24
01-04-2022,North-West,76,48,28,11,44,19,2,31,28,17,0,11,18
01-04-2022,South-East,246,175,71,43,139,56,8,79,167,0,0,30,54
01-04-2022,South-West,549,384,165,66,307,163,13,361,192,0,0,73,141
01-04-2022,West,307,183,124,56,146,92,13,177,130,0,0,72,174
01-05-2022,Dublin,5173,3352,1821,943,2770,1384,76,3030,2178,37,0,972,2259
01-05-2022,Mid-East,410,262,148,75,194,122,19,248,154,4,4,77,158
01-05-2022,Midlands,105,52,53,18,63,21,3,67,0,38,0,26,46
01-05-2022,Mid-West,359,218,141,40,199,110,10,93,227,39,0,71,135
01-05-2022,North-East,94,70,24,11,53,23,7,38,55,1,0,23,44
01-05-2022,North-West,76,50,26,8,43,23,2,32,32,12,0,10,16
01-05-2022,South-East,243,180,63,38,140,57,8,81,162,0,0,30,49
01-05-2022,South-West,547,379,168,56,304,172,15,350,199,0,0,72,109
01-05-2022,West,290,162,128,53,142,84,11,180,110,0,0,85,212
01-06-2022,Dublin,5258,3416,1842,934,2834,1411,79,3083,2180,35,0,990,2274
01-06-2022,Mid-East,414,271,143,74,201,122,17,254,152,4,4,77,156
01-06-2022,Midlands,110,54,56,19,65,22,4,73,0,37,0,29,50
01-06-2022,Mid-West,373,220,153,45,210,107,11,105,240,38,0,75,140
01-06-2022,North-East,96,65,31,11,56,23,6,26,70,0,0,13,30
01-06-2022,North-West,79,51,28,6,50,21,2,32,35,12,0,11,19
01-06-2022,South-East,248,179,69,41,144,57,6,84,164,0,0,28,51
01-06-2022,South-West,555,376,179,65,313,164,13,356,202,0,0,74,145
01-06-2022,West,288,157,131,51,142,84,11,175,113,0,0,88,206
01-07-2022,Dublin,5209,3359,1850,913,2789,1426,81,3045,2166,34,0,1016,2339
01-07-2022,Mid-East,410,259,151,75,197,122,16,258,144,4,4,86,158
01-07-2022,Midlands,127,67,60,17,78,29,3,89,0,38,0,32,58
01-07-2022,Mid-West,374,223,151,47,201,113,13,105,238,39,0,78,145
01-07-2022,North-East,99,68,31,11,57,25,6,29,66,4,0,13,33
01-07-2022,North-West,84,57,27,8,53,20,3,37,36,11,0,11,22
01-07-2022,South-East,250,181,69,44,142,54,10,79,171,0,0,27,46
01-07-2022,South-West,585,394,191,72,329,169,15,369,220,0,0,74,1452
01-07-2022,West,293,163,130,52,147,83,11,184,109,0,0,86,191
01-08-2022,Dublin,5326,3427,1899,943,2843,1459,81,3287,2193,36,0,1067,2406
01-08-2022,Mid-East,401,258,143,65,199,118,19,235,158,4,4,77,142
01-08-2022,Midlands,131,66,65,19,82,28,2,92,0,39,0,35,59
01-08-2022,Mid-West,391,245,146,55,211,112,13,119,242,36,0,85,158
01-08-2022,North-East,108,72,36,17,61,24,6,39,69,4,0,16,38
01-08-2022,North-West,89,56,33,11,55,18,5,42,35,12,0,11,22
01-08-2022,South-East,252,175,77,39,148,54,11,83,169,0,0,26,44
01-08-2022,South-West,573,383,190,69,329,158,17,353,223,0,0,74,146
01-08-2022,West,314,172,142,56,150,98,10,194,119,0,1,92,205
01-09-2022,Dublin,5356,3427,1929,931,2865,1478,82,3235,2257,36,0,1081,2429
01-09-2022,Mid-East,421,273,148,73,200,128,20,251,162,4,4,77,152
01-09-2022,Midlands,141,71,70,17,93,28,3,101,0,40,0,39,69
01-09-2022,Mid-West,387,226,161,54,217,105,11,121,236,39,0,91,180
01-09-2022,North-East,119,74,45,17,71,24,7,65,51,3,0,25,61
01-09-2022,North-West,110,66,44,15,67,22,6,59,38,13,0,16,39
01-09-2022,South-East,231,162,69,32,139,49,11,67,164,0,0,25,42
01-09-2022,South-West,565,368,197,69,321,160,15,348,219,0,0,83,161
01-09-2022,West,303,165,138,55,143,94,11,1081,565,1815,2429,95,209
01-10-2022,Dublin,5558,3526,2.03,959,2975,1542,82,3149,2371,38,0,1120,2529
01-10-2022,Mid-East,428,269,159,76,203,129,20,265,156,3,4,85,158
01-10-2022,Midlands,147,66,81,24,89,31,3,107,0,40,0,44,77
01-10-2022,Mid-West,425,253,172,62,236,115,12,139,257,44,0,98,194
01-10-2022,North-East,119,78,41,18,68,27,6,43,73,3,0,27,60
01-10-2022,North-West,101,65,36,14,66,16,5,57,32,12,0,17,39
01-10-2022,South-East,224,158,66,35,134,47,8,63,162,0,0,20,39
01-10-2022,South-West,592,387,205,69,335,173,15,374,224,0,0,89,164
01-10-2022,West,323,172,151,61,152,99,11,211,112,0,0,101,220
01-11-2022,Dublin,5655,3593,2062,980,3011,1571,93,3255,2363,37,0,1134,2549
01-11-2022,Mid-East,428,269,159,76,206,125,21,253,169,3,3,88,163
01-11-2022,Midlands,144,69,75,26,83,32,3,106,0,36,2,41,72
01-11-2022,Mid-West,425,255,170,65,240,109,11,137,260,35,0,99,189
01-11-2022,North-East,139,89,50,29,74,30,6,55,82,2,0,29,66
01-11-2022,North-West,104,68,36,14,62,24,4,56,36,12,0,15,34
01-11-2022,South-East,228,166,62,42,130,49,7,61,166,0,2,17,30
01-11-2022,South-West,595,386,209,76,320,184,15,373,226,0,0,89,166
01-11-2022,West,330,175,155,63,162,96,9,210,120,0,0,104,225
01-12-2022,Dublin,5793,3689,2104,1010,3099,1595,89,3381,2377,35,0,1148,2583
01-12-2022,Mid-East,441,286,155,73,216,130,22,244,196,3,0,83,148
01-12-2022,Midlands,153,76,77,26,89,34,4,108,0,43,2,37,67
01-12-2022,Mid-West,419,258,161,61,246,101,11,116,269,55,0,90,167
01-12-2022,North-East,148,93,55,24,83,34,7,70,77,2,0,31,65
01-12-2022,North-West,114,73,41,17,67,26,4,63,35,16,0,12,27
01-12-2022,South-East,231,165,66,36,131,57,7,57,176,0,0,14,24
01-12-2022,South-West,564,372,192,77,299,174,14,353,212,0,0,79,148
01-12-2022,West,327,174,153,63,148,107,9,205,122,0,0,100,213
